<?xml version="1.0" encoding="UTF-8" standalone="yes"?>
<manifest>
  <control namespace="KendoTreeListPCF" constructor="TreelistView" version="1.0.50" display-name-key="TreelistViewGrid" description-key="TreelistView description" control-type="standard" api-version="1.3.4">
    <type-group name="SupportedFields">
      <type>SingleLine.Text</type>
    </type-group>
    <data-set name="sampleDataSet" display-name-key="Dataset_Display_Key"/>
    <external-service-usage enabled="false"/>
    <resources>
      <code path="bundle.js" order="1"/>
      <css path="css/all.css" order="1"/>
      <css path="css/control.css" order="1"/>
    </resources>
    <feature-usage>
      <uses-feature name="Utility" required="true"/>
      <uses-feature name="WebAPI" required="true"/>
    </feature-usage>
    <built-by name="pac" version="1.16.6"/>
  </control>
</manifest>